src_core,dst_core,latency_ns
0,0,-1
0,1,113
0,2,113
0,3,112
0,4,118
0,5,118
0,6,118
0,7,118
0,8,280
0,9,275
0,10,277
0,11,277
0,12,288
0,13,287
0,14,288
0,15,288
0,16,291
0,17,290
0,18,291
0,19,289
0,20,297
0,21,296
0,22,297
0,23,297
0,24,291
0,25,290
0,26,291
0,27,289
0,28,298
0,29,296
0,30,297
0,31,297
0,32,307
0,33,306
0,34,307
0,35,305
0,36,314
0,37,312
0,38,313
0,39,313
0,40,308
0,41,307
0,42,309
0,43,307
0,44,313
0,45,311
0,46,313
0,47,312
0,48,316
0,49,316
0,50,323
0,51,321
0,52,329
0,53,328
0,54,329
0,55,328
0,56,323
0,57,322
0,58,324
0,59,322
0,60,328
0,61,327
0,62,328
0,63,328
1,0,113
1,1,-1
1,2,113
1,3,113
1,4,118
1,5,118
1,6,118
1,7,118
1,8,282
1,9,287
1,10,289
1,11,285
1,12,289
1,13,288
1,14,289
1,15,288
1,16,297
1,17,297
1,18,298
1,19,296
1,20,304
1,21,302
1,22,304
1,23,304
1,24,297
1,25,297
1,26,298
1,27,296
1,28,304
1,29,302
1,30,304
1,31,304
1,32,314
1,33,313
1,34,314
1,35,312
1,36,321
1,37,319
1,38,321
1,39,320
1,40,315
1,41,314
1,42,315
1,43,314
1,44,320
1,45,318
1,46,320
1,47,320
1,48,323
1,49,322
1,50,323
1,51,322
1,52,330
1,53,328
1,54,329
1,55,329
1,56,324
1,57,323
1,58,325
1,59,323
1,60,329
1,61,327
1,62,329
1,63,328
2,0,112
2,1,112
2,2,-1
2,3,112
2,4,118
2,5,118
2,6,118
2,7,118
2,8,287
2,9,286
2,10,288
2,11,286
2,12,294
2,13,292
2,14,294
2,15,293
2,16,295
2,17,295
2,18,297
2,19,295
2,20,303
2,21,301
2,22,304
2,23,302
2,24,296
2,25,295
2,26,297
2,27,295
2,28,302
2,29,301
2,30,304
2,31,302
2,32,312
2,33,311
2,34,313
2,35,311
2,36,320
2,37,318
2,38,319
2,39,319
2,40,314
2,41,313
2,42,314
2,43,312
2,44,319
2,45,317
2,46,319
2,47,318
2,48,321
2,49,321
2,50,322
2,51,320
2,52,325
2,53,321
2,54,322
2,55,322
2,56,317
2,57,316
2,58,317
2,59,315
2,60,322
2,61,320
2,62,322
2,63,321
3,0,113
3,1,113
3,2,113
3,3,-1
3,4,118
3,5,118
3,6,118
3,7,118
3,8,277
3,9,276
3,10,278
3,11,276
3,12,284
3,13,285
3,14,285
3,15,283
3,16,292
3,17,291
3,18,292
3,19,290
3,20,299
3,21,297
3,22,299
3,23,298
3,24,292
3,25,291
3,26,292
3,27,290
3,28,299
3,29,297
3,30,299
3,31,298
3,32,308
3,33,307
3,34,308
3,35,307
3,36,315
3,37,313
3,38,315
3,39,314
3,40,309
3,41,308
3,42,310
3,43,308
3,44,314
3,45,318
3,46,320
3,47,320
3,48,323
3,49,322
3,50,324
3,51,322
3,52,330
3,53,328
3,54,330
3,55,329
3,56,325
3,57,324
3,58,325
3,59,323
3,60,329
3,61,328
3,62,329
3,63,329
4,0,118
4,1,118
4,2,118
4,3,117
4,4,-1
4,5,123
4,6,123
4,7,126
4,8,287
4,9,292
4,10,291
4,11,286
4,12,298
4,13,293
4,14,294
4,15,294
4,16,302
4,17,302
4,18,303
4,19,302
4,20,303
4,21,302
4,22,303
4,23,303
4,24,302
4,25,302
4,26,303
4,27,302
4,28,309
4,29,308
4,30,309
4,31,309
4,32,319
4,33,318
4,34,319
4,35,317
4,36,325
4,37,324
4,38,326
4,39,325
4,40,320
4,41,319
4,42,320
4,43,319
4,44,318
4,45,317
4,46,319
4,47,318
4,48,322
4,49,321
4,50,323
4,51,320
4,52,328
4,53,327
4,54,328
4,55,328
4,56,323
4,57,322
4,58,323
4,59,321
4,60,328
4,61,326
4,62,328
4,63,328
5,0,118
5,1,118
5,2,118
5,3,118
5,4,123
5,5,-1
5,6,123
5,7,126
5,8,289
5,9,284
5,10,284
5,11,287
5,12,290
5,13,294
5,14,293
5,15,289
5,16,298
5,17,297
5,18,299
5,19,297
5,20,305
5,21,303
5,22,305
5,23,304
5,24,298
5,25,297
5,26,299
5,27,297
5,28,305
5,29,303
5,30,305
5,31,304
5,32,314
5,33,314
5,34,315
5,35,313
5,36,321
5,37,320
5,38,321
5,39,320
5,40,316
5,41,315
5,42,316
5,43,314
5,44,320
5,45,318
5,46,321
5,47,320
5,48,323
5,49,323
5,50,324
5,51,322
5,52,330
5,53,328
5,54,330
5,55,330
5,56,325
5,57,324
5,58,325
5,59,323
5,60,330
5,61,328
5,62,330
5,63,329
6,0,118
6,1,118
6,2,118
6,3,118
6,4,124
6,5,123
6,6,-1
6,7,123
6,8,284
6,9,285
6,10,289
6,11,282
6,12,289
6,13,288
6,14,289
6,15,288
6,16,297
6,17,297
6,18,298
6,19,297
6,20,304
6,21,303
6,22,304
6,23,303
6,24,297
6,25,297
6,26,298
6,27,296
6,28,304
6,29,303
6,30,304
6,31,303
6,32,315
6,33,313
6,34,314
6,35,312
6,36,320
6,37,318
6,38,320
6,39,320
6,40,315
6,41,314
6,42,315
6,43,313
6,44,320
6,45,318
6,46,320
6,47,319
6,48,323
6,49,322
6,50,323
6,51,321
6,52,329
6,53,328
6,54,330
6,55,329
6,56,324
6,57,323
6,58,324
6,59,323
6,60,328
6,61,328
6,62,329
6,63,328
7,0,118
7,1,118
7,2,118
7,3,118
7,4,123
7,5,123
7,6,123
7,7,-1
7,8,284
7,9,282
7,10,288
7,11,287
7,12,296
7,13,288
7,14,290
7,15,290
7,16,292
7,17,291
7,18,292
7,19,291
7,20,298
7,21,297
7,22,299
7,23,298
7,24,298
7,25,297
7,26,299
7,27,297
7,28,301
7,29,297
7,30,299
7,31,298
7,32,314
7,33,314
7,34,315
7,35,313
7,36,321
7,37,320
7,38,321
7,39,320
7,40,316
7,41,315
7,42,316
7,43,314
7,44,320
7,45,319
7,46,320
7,47,320
7,48,323
7,49,323
7,50,325
7,51,327
7,52,336
7,53,335
7,54,336
7,55,336
7,56,331
7,57,330
7,58,332
7,59,330
7,60,336
7,61,334
7,62,336
7,63,335
8,0,309
8,1,277
8,2,282
8,3,280
8,4,288
8,5,287
8,6,288
8,7,282
8,8,-1
8,9,113
8,10,113
8,11,112
8,12,118
8,13,118
8,14,118
8,15,118
8,16,298
8,17,297
8,18,298
8,19,295
8,20,299
8,21,297
8,22,300
8,23,298
8,24,286
8,25,285
8,26,286
8,27,284
8,28,292
8,29,291
8,30,299
8,31,297
8,32,314
8,33,314
8,34,314
8,35,307
8,36,315
8,37,313
8,38,315
8,39,314
8,40,309
8,41,308
8,42,315
8,43,314
8,44,320
8,45,319
8,46,320
8,47,320
8,48,323
8,49,322
8,50,324
8,51,322
8,52,330
8,53,327
8,54,324
8,55,323
8,56,324
8,57,324
8,58,325
8,59,323
8,60,328
8,61,322
8,62,323
8,63,329
9,0,282
9,1,282
9,2,283
9,3,281
9,4,289
9,5,287
9,6,289
9,7,288
9,8,113
9,9,-1
9,10,113
9,11,112
9,12,118
9,13,118
9,14,118
9,15,118
9,16,293
9,17,292
9,18,293
9,19,291
9,20,299
9,21,298
9,22,299
9,23,299
9,24,297
9,25,292
9,26,293
9,27,291
9,28,299
9,29,298
9,30,299
9,31,299
9,32,309
9,33,308
9,34,309
9,35,307
9,36,315
9,37,313
9,38,316
9,39,315
9,40,310
9,41,309
9,42,310
9,43,309
9,44,315
9,45,313
9,46,315
9,47,314
9,48,318
9,49,319
9,50,324
9,51,320
9,52,325
9,53,323
9,54,326
9,55,330
9,56,325
9,57,324
9,58,322
9,59,318
9,60,324
9,61,322
9,62,324
9,63,324
10,0,275
10,1,274
10,2,275
10,3,274
10,4,282
10,5,279
10,6,281
10,7,281
10,8,112
10,9,112
10,10,-1
10,11,112
10,12,118
10,13,118
10,14,118
10,15,118
10,16,285
10,17,284
10,18,286
10,19,284
10,20,292
10,21,296
10,22,298
10,23,297
10,24,297
10,25,292
10,26,292
10,27,290
10,28,298
10,29,296
10,30,298
10,31,302
10,32,314
10,33,313
10,34,314
10,35,307
10,36,320
10,37,316
10,38,318
10,39,319
10,40,309
10,41,312
10,42,311
10,43,307
10,44,314
10,45,312
10,46,314
10,47,319
10,48,323
10,49,318
10,50,317
10,51,315
10,52,323
10,53,321
10,54,323
10,55,323
10,56,318
10,57,317
10,58,318
10,59,317
10,60,323
10,61,321
10,62,323
10,63,322
11,0,277
11,1,276
11,2,277
11,3,275
11,4,284
11,5,284
11,6,289
11,7,289
11,8,113
11,9,113
11,10,113
11,11,-1
11,12,118
11,13,119
11,14,118
11,15,118
11,16,293
11,17,292
11,18,294
11,19,292
11,20,300
11,21,298
11,22,300
11,23,299
11,24,293
11,25,292
11,26,294
11,27,292
11,28,300
11,29,296
11,30,297
11,31,299
11,32,315
11,33,308
11,34,310
11,35,308
11,36,316
11,37,316
11,38,322
11,39,321
11,40,311
11,41,310
11,42,311
11,43,309
11,44,316
11,45,314
11,46,315
11,47,319
11,48,325
11,49,321
11,50,319
11,51,317
11,52,325
11,53,323
11,54,325
11,55,324
11,56,320
11,57,319
11,58,320
11,59,318
11,60,324
11,61,323
11,62,325
11,63,324
12,0,281
12,1,282
12,2,282
12,3,286
12,4,294
12,5,293
12,6,294
12,7,287
12,8,118
12,9,118
12,10,118
12,11,117
12,12,-1
12,13,123
12,14,123
12,15,126
12,16,304
12,17,300
12,18,298
12,19,296
12,20,310
12,21,309
12,22,310
12,23,310
12,24,292
12,25,291
12,26,292
12,27,293
12,28,304
12,29,303
12,30,304
12,31,304
12,32,317
12,33,313
12,34,314
12,35,313
12,36,320
12,37,319
12,38,321
12,39,320
12,40,315
12,41,314
12,42,322
12,43,320
12,44,326
12,45,324
12,46,326
12,47,326
12,48,329
12,49,328
12,50,330
12,51,328
12,52,336
12,53,334
12,54,336
12,55,335
12,56,330
12,57,330
12,58,329
12,59,323
12,60,330
12,61,334
12,62,336
12,63,335
13,0,294
13,1,282
13,2,284
13,3,282
13,4,290
13,5,288
13,6,289
13,7,289
13,8,118
13,9,118
13,10,118
13,11,118
13,12,123
13,13,-1
13,14,123
13,15,126
13,16,304
13,17,305
13,18,305
13,19,298
13,20,306
13,21,304
13,22,306
13,23,305
13,24,293
13,25,293
13,26,294
13,27,292
13,28,300
13,29,298
13,30,300
13,31,299
13,32,316
13,33,315
13,34,316
13,35,314
13,36,322
13,37,321
13,38,322
13,39,322
13,40,317
13,41,316
13,42,317
13,43,316
13,44,322
13,45,320
13,46,322
13,47,321
13,48,329
13,49,330
13,50,328
13,51,323
13,52,331
13,53,330
13,54,331
13,55,331
13,56,326
13,57,325
13,58,331
13,59,328
13,60,338
13,61,336
13,62,337
13,63,336
14,0,290
14,1,287
14,2,293
14,3,292
14,4,301
14,5,299
14,6,302
14,7,300
14,8,118
14,9,118
14,10,118
14,11,118
14,12,124
14,13,123
14,14,-1
14,15,123
14,16,305
14,17,301
14,18,299
14,19,297
14,20,311
14,21,310
14,22,312
14,23,311
14,24,304
14,25,297
14,26,299
14,27,297
14,28,306
14,29,304
14,30,305
14,31,305
14,32,325
14,33,314
14,34,315
14,35,314
14,36,322
14,37,320
14,38,322
14,39,321
14,40,316
14,41,315
14,42,317
14,43,315
14,44,321
14,45,319
14,46,322
14,47,326
14,48,328
14,49,323
14,50,325
14,51,328
14,52,337
14,53,335
14,54,337
14,55,333
14,56,325
14,57,325
14,58,326
14,59,324
14,60,330
14,61,328
14,62,331
14,63,330
15,0,316
15,1,288
15,2,292
15,3,290
15,4,296
15,5,295
15,6,296
15,7,298
15,8,118
15,9,118
15,10,118
15,11,118
15,12,123
15,13,123
15,14,123
15,15,-1
15,16,299
15,17,299
15,18,305
15,19,304
15,20,312
15,21,311
15,22,312
15,23,312
15,24,306
15,25,303
15,26,300
15,27,298
15,28,306
15,29,304
15,30,306
15,31,306
15,32,316
15,33,315
15,34,316
15,35,316
15,36,329
15,37,326
15,38,322
15,39,322
15,40,323
15,41,322
15,42,324
15,43,322
15,44,327
15,45,320
15,46,322
15,47,327
15,48,331
15,49,330
15,50,332
15,51,330
15,52,338
15,53,336
15,54,338
15,55,337
15,56,327
15,57,325
15,58,329
15,59,325
15,60,331
15,61,330
15,62,331
15,63,336
16,0,297
16,1,296
16,2,297
16,3,295
16,4,304
16,5,302
16,6,304
16,7,303
16,8,292
16,9,291
16,10,292
16,11,294
16,12,302
16,13,297
16,14,299
16,15,297
16,16,-1
16,17,113
16,18,113
16,19,112
16,20,118
16,21,118
16,22,118
16,23,118
16,24,289
16,25,288
16,26,289
16,27,287
16,28,295
16,29,294
16,30,296
16,31,294
16,32,323
16,33,322
16,34,324
16,35,322
16,36,330
16,37,328
16,38,330
16,39,329
16,40,324
16,41,324
16,42,325
16,43,323
16,44,329
16,45,328
16,46,330
16,47,329
16,48,316
16,49,314
16,50,315
16,51,313
16,52,321
16,53,319
16,54,321
16,55,317
16,56,309
16,57,308
16,58,310
16,59,308
16,60,314
16,61,312
16,62,314
16,63,314
17,0,285
17,1,285
17,2,292
17,3,290
17,4,298
17,5,296
17,6,298
17,7,297
17,8,286
17,9,286
17,10,292
17,11,287
17,12,294
17,13,292
17,14,298
17,15,305
17,16,113
17,17,-1
17,18,113
17,19,112
17,20,118
17,21,118
17,22,118
17,23,118
17,24,290
17,25,289
17,26,290
17,27,288
17,28,297
17,29,294
17,30,297
17,31,296
17,32,324
17,33,323
17,34,324
17,35,323
17,36,331
17,37,328
17,38,331
17,39,330
17,40,325
17,41,324
17,42,326
17,43,324
17,44,330
17,45,328
17,46,330
17,47,329
17,48,326
17,49,316
17,50,315
17,51,314
17,52,321
17,53,319
17,54,321
17,55,321
17,56,316
17,57,315
17,58,316
17,59,315
17,60,321
17,61,319
17,62,321
17,63,320
18,0,295
18,1,289
18,2,292
18,3,295
18,4,303
18,5,302
18,6,303
18,7,302
18,8,291
18,9,291
18,10,292
18,11,290
18,12,303
18,13,296
18,14,298
18,15,297
18,16,112
18,17,112
18,18,-1
18,19,112
18,20,118
18,21,118
18,22,118
18,23,118
18,24,288
18,25,288
18,26,289
18,27,281
18,28,289
18,29,287
18,30,289
18,31,289
18,32,323
18,33,322
18,34,323
18,35,321
18,36,329
18,37,328
18,38,330
18,39,329
18,40,324
18,41,323
18,42,324
18,43,323
18,44,329
18,45,327
18,46,329
18,47,329
18,48,314
18,49,313
18,50,314
18,51,312
18,52,321
18,53,319
18,54,320
18,55,320
18,56,315
18,57,314
18,58,315
18,59,314
18,60,320
18,61,318
18,62,320
18,63,319
19,0,292
19,1,291
19,2,292
19,3,291
19,4,299
19,5,297
19,6,299
19,7,298
19,8,293
19,9,298
19,10,300
19,11,298
19,12,306
19,13,304
19,14,306
19,15,300
19,16,113
19,17,113
19,18,113
19,19,-1
19,20,118
19,21,118
19,22,118
19,23,118
19,24,290
19,25,289
19,26,291
19,27,289
19,28,297
19,29,296
19,30,297
19,31,297
19,32,325
19,33,324
19,34,325
19,35,323
19,36,331
19,37,330
19,38,331
19,39,331
19,40,326
19,41,325
19,42,326
19,43,325
19,44,331
19,45,329
19,46,331
19,47,330
19,48,316
19,49,314
19,50,314
19,51,308
19,52,316
19,53,314
19,54,316
19,55,315
19,56,310
19,57,310
19,58,311
19,59,309
19,60,316
19,61,314
19,62,316
19,63,315
20,0,290
20,1,289
20,2,291
20,3,289
20,4,297
20,5,295
20,6,297
20,7,297
20,8,291
20,9,297
20,10,299
20,11,296
20,12,304
20,13,300
20,14,298
20,15,298
20,16,118
20,17,118
20,18,118
20,19,117
20,20,-1
20,21,123
20,22,123
20,23,126
20,24,289
20,25,288
20,26,282
20,27,281
20,28,289
20,29,287
20,30,289
20,31,289
20,32,323
20,33,322
20,34,323
20,35,321
20,36,330
20,37,328
20,38,330
20,39,329
20,40,324
20,41,323
20,42,324
20,43,323
20,44,330
20,45,328
20,46,329
20,47,328
20,48,314
20,49,313
20,50,314
20,51,313
20,52,321
20,53,319
20,54,321
20,55,320
20,56,315
20,57,314
20,58,315
20,59,314
20,60,320
20,61,318
20,62,320
20,63,319
21,0,302
21,1,297
21,2,299
21,3,297
21,4,305
21,5,303
21,6,305
21,7,304
21,8,293
21,9,293
21,10,294
21,11,292
21,12,300
21,13,303
21,14,306
21,15,305
21,16,118
21,17,118
21,18,119
21,19,118
21,20,123
21,21,-1
21,22,123
21,23,126
21,24,290
21,25,289
21,26,291
21,27,289
21,28,297
21,29,295
21,30,297
21,31,296
21,32,330
21,33,330
21,34,331
21,35,329
21,36,338
21,37,336
21,38,338
21,39,337
21,40,333
21,41,331
21,42,333
21,43,331
21,44,338
21,45,336
21,46,337
21,47,336
21,48,322
21,49,321
21,50,322
21,51,320
21,52,328
21,53,327
21,54,329
21,55,328
21,56,323
21,57,322
21,58,323
21,59,321
21,60,328
21,61,320
21,62,322
21,63,321
22,0,297
22,1,297
22,2,298
22,3,296
22,4,304
22,5,303
22,6,304
22,7,304
22,8,299
22,9,298
22,10,299
22,11,297
22,12,306
22,13,304
22,14,303
22,15,299
22,16,118
22,17,118
22,18,118
22,19,118
22,20,124
22,21,123
22,22,-1
22,23,123
22,24,283
22,25,283
22,26,284
22,27,282
22,28,296
22,29,294
22,30,297
22,31,296
22,32,330
22,33,330
22,34,331
22,35,329
22,36,337
22,37,335
22,38,337
22,39,336
22,40,331
22,41,331
22,42,331
22,43,330
22,44,336
22,45,335
22,46,336
22,47,336
22,48,321
22,49,320
22,50,321
22,51,320
22,52,328
22,53,326
22,54,328
22,55,327
22,56,322
22,57,321
22,58,323
22,59,321
22,60,327
22,61,325
22,62,327
22,63,326
23,0,303
23,1,297
23,2,299
23,3,297
23,4,305
23,5,303
23,6,305
23,7,304
23,8,299
23,9,299
23,10,300
23,11,298
23,12,306
23,13,305
23,14,306
23,15,305
23,16,118
23,17,118
23,18,118
23,19,118
23,20,123
23,21,123
23,22,123
23,23,-1
23,24,290
23,25,289
23,26,291
23,27,289
23,28,297
23,29,295
23,30,297
23,31,296
23,32,331
23,33,330
23,34,332
23,35,330
23,36,338
23,37,336
23,38,337
23,39,337
23,40,332
23,41,331
23,42,333
23,43,331
23,44,337
23,45,335
23,46,338
23,47,336
23,48,322
23,49,321
23,50,323
23,51,320
23,52,328
23,53,327
23,54,328
23,55,328
23,56,323
23,57,322
23,58,323
23,59,322
23,60,328
23,61,326
23,62,328
23,63,328
24,0,285
24,1,284
24,2,285
24,3,283
24,4,292
24,5,290
24,6,300
24,7,303
24,8,298
24,9,297
24,10,298
24,11,297
24,12,305
24,13,303
24,14,305
24,15,304
24,16,289
24,17,288
24,18,289
24,19,287
24,20,295
24,21,294
24,22,296
24,23,294
24,24,-1
24,25,113
24,26,113
24,27,112
24,28,118
24,29,118
24,30,118
24,31,118
24,32,323
24,33,322
24,34,324
24,35,322
24,36,330
24,37,328
24,38,330
24,39,329
24,40,325
24,41,323
24,42,325
24,43,323
24,44,329
24,45,328
24,46,330
24,47,328
24,48,308
24,49,307
24,50,309
24,51,307
24,52,315
24,53,313
24,54,315
24,55,314
24,56,309
24,57,308
24,58,310
24,59,308
24,60,314
24,61,312
24,62,314
24,63,314
25,0,291
25,1,290
25,2,292
25,3,290
25,4,298
25,5,296
25,6,298
25,7,297
25,8,293
25,9,292
25,10,293
25,11,291
25,12,299
25,13,298
25,14,298
25,15,292
25,16,277
25,17,277
25,18,278
25,19,276
25,20,284
25,21,282
25,22,284
25,23,284
25,24,113
25,25,-1
25,26,113
25,27,112
25,28,118
25,29,119
25,30,118
25,31,118
25,32,318
25,33,317
25,34,318
25,35,317
25,36,325
25,37,323
25,38,324
25,39,324
25,40,319
25,41,318
25,42,320
25,43,318
25,44,324
25,45,322
25,46,324
25,47,324
25,48,309
25,49,308
25,50,309
25,51,308
25,52,316
25,53,313
25,54,316
25,55,315
25,56,310
25,57,309
25,58,311
25,59,309
25,60,315
25,61,313
25,62,315
25,63,314
26,0,284
26,1,283
26,2,290
26,3,289
26,4,297
26,5,295
26,6,297
26,7,296
26,8,291
26,9,291
26,10,292
26,11,290
26,12,298
26,13,296
26,14,298
26,15,297
26,16,288
26,17,288
26,18,289
26,19,287
26,20,295
26,21,294
26,22,294
26,23,294
26,24,112
26,25,112
26,26,-1
26,27,112
26,28,118
26,29,118
26,30,118
26,31,118
26,32,323
26,33,322
26,34,323
26,35,321
26,36,330
26,37,328
26,38,330
26,39,329
26,40,324
26,41,323
26,42,324
26,43,323
26,44,329
26,45,327
26,46,329
26,47,328
26,48,323
26,49,313
26,50,314
26,51,312
26,52,320
26,53,319
26,54,320
26,55,320
26,56,315
26,57,314
26,58,315
26,59,314
26,60,320
26,61,318
26,62,318
26,63,319
27,0,297
27,1,297
27,2,298
27,3,297
27,4,305
27,5,303
27,6,304
27,7,304
27,8,299
27,9,298
27,10,300
27,11,298
27,12,307
27,13,305
27,14,306
27,15,306
27,16,290
27,17,289
27,18,291
27,19,289
27,20,297
27,21,296
27,22,297
27,23,297
27,24,113
27,25,113
27,26,113
27,27,-1
27,28,118
27,29,119
27,30,118
27,31,118
27,32,324
27,33,324
27,34,325
27,35,323
27,36,331
27,37,329
27,38,331
27,39,331
27,40,326
27,41,325
27,42,326
27,43,325
27,44,331
27,45,329
27,46,331
27,47,330
27,48,316
27,49,315
27,50,316
27,51,314
27,52,323
27,53,321
27,54,322
27,55,322
27,56,316
27,57,316
27,58,317
27,59,315
27,60,322
27,61,320
27,62,322
27,63,321
28,0,296
28,1,296
28,2,303
28,3,301
28,4,309
28,5,308
28,6,309
28,7,309
28,8,298
28,9,302
28,10,305
28,11,302
28,12,311
28,13,309
28,14,310
28,15,310
28,16,294
28,17,293
28,18,296
28,19,294
28,20,302
28,21,300
28,22,301
28,23,300
28,24,118
28,25,118
28,26,118
28,27,117
28,28,-1
28,29,123
28,30,123
28,31,126
28,32,329
28,33,328
28,34,330
28,35,328
28,36,336
28,37,334
28,38,336
28,39,335
28,40,331
28,41,329
28,42,331
28,43,324
28,44,329
28,45,328
28,46,329
28,47,328
28,48,314
28,49,313
28,50,315
28,51,313
28,52,320
28,53,319
28,54,321
28,55,320
28,56,315
28,57,314
28,58,315
28,59,314
28,60,320
28,61,318
28,62,320
28,63,319
29,0,292
29,1,291
29,2,299
29,3,297
29,4,305
29,5,303
29,6,305
29,7,309
29,8,306
29,9,304
29,10,306
29,11,304
29,12,312
29,13,311
29,14,313
29,15,312
29,16,297
29,17,296
29,18,297
29,19,295
29,20,303
29,21,302
29,22,303
29,23,302
29,24,118
29,25,118
29,26,119
29,27,118
29,28,123
29,29,-1
29,30,123
29,31,126
29,32,331
29,33,330
29,34,331
29,35,329
29,36,338
29,37,336
29,38,338
29,39,337
29,40,333
29,41,331
29,42,332
29,43,331
29,44,338
29,45,336
29,46,337
29,47,336
29,48,323
29,49,321
29,50,322
29,51,320
29,52,328
29,53,327
29,54,329
29,55,328
29,56,323
29,57,322
29,58,323
29,59,321
29,60,328
29,61,326
29,62,328
29,63,327
30,0,297
30,1,302
30,2,304
30,3,302
30,4,311
30,5,309
30,6,310
30,7,310
30,8,305
30,9,304
30,10,305
30,11,303
30,12,311
30,13,309
30,14,312
30,15,311
30,16,296
30,17,295
30,18,296
30,19,294
30,20,302
30,21,301
30,22,303
30,23,302
30,24,118
30,25,118
30,26,118
30,27,118
30,28,124
30,29,123
30,30,-1
30,31,123
30,32,330
30,33,330
30,34,331
30,35,328
30,36,337
30,37,335
30,38,337
30,39,336
30,40,331
30,41,331
30,42,331
30,43,330
30,44,336
30,45,335
30,46,336
30,47,336
30,48,321
30,49,320
30,50,321
30,51,320
30,52,328
30,53,326
30,54,328
30,55,327
30,56,322
30,57,321
30,58,323
30,59,321
30,60,327
30,61,325
30,62,327
30,63,327
31,0,298
31,1,303
31,2,305
31,3,303
31,4,311
31,5,309
31,6,311
31,7,310
31,8,306
31,9,304
31,10,307
31,11,304
31,12,312
31,13,309
31,14,306
31,15,305
31,16,297
31,17,296
31,18,297
31,19,296
31,20,303
31,21,301
31,22,303
31,23,302
31,24,118
31,25,118
31,26,118
31,27,118
31,28,123
31,29,123
31,30,123
31,31,-1
31,32,331
31,33,330
31,34,332
31,35,330
31,36,338
31,37,336
31,38,337
31,39,337
31,40,332
31,41,331
31,42,333
31,43,331
31,44,337
31,45,335
31,46,338
31,47,336
31,48,323
31,49,321
31,50,323
31,51,320
31,52,328
31,53,327
31,54,328
31,55,328
31,56,323
31,57,322
31,58,323
31,59,321
31,60,328
31,61,326
31,62,328
31,63,328
32,0,317
32,1,308
32,2,313
32,3,312
32,4,320
32,5,318
32,6,320
32,7,319
32,8,314
32,9,314
32,10,315
32,11,313
32,12,321
32,13,319
32,14,321
32,15,320
32,16,323
32,17,322
32,18,324
32,19,322
32,20,331
32,21,328
32,22,330
32,23,329
32,24,323
32,25,322
32,26,324
32,27,322
32,28,331
32,29,328
32,30,331
32,31,329
32,32,-1
32,33,113
32,34,113
32,35,112
32,36,118
32,37,118
32,38,118
32,39,118
32,40,288
32,41,287
32,42,288
32,43,287
32,44,292
32,45,291
32,46,293
32,47,292
32,48,296
32,49,295
32,50,296
32,51,294
32,52,302
32,53,301
32,54,302
32,55,302
32,56,297
32,57,296
32,58,297
32,59,296
32,60,301
32,61,300
32,62,302
32,63,301
33,0,307
33,1,307
33,2,311
33,3,312
33,4,320
33,5,319
33,6,321
33,7,319
33,8,309
33,9,308
33,10,315
33,11,314
33,12,321
33,13,320
33,14,322
33,15,321
33,16,324
33,17,323
33,18,324
33,19,323
33,20,331
33,21,328
33,22,331
33,23,330
33,24,324
33,25,323
33,26,324
33,27,323
33,28,331
33,29,328
33,30,331
33,31,330
33,32,113
33,33,-1
33,34,113
33,35,112
33,36,118
33,37,118
33,38,118
33,39,118
33,40,288
33,41,287
33,42,289
33,43,287
33,44,293
33,45,291
33,46,293
33,47,293
33,48,296
33,49,296
33,50,297
33,51,295
33,52,303
33,53,302
33,54,303
33,55,302
33,56,297
33,57,296
33,58,298
33,59,296
33,60,302
33,61,300
33,62,302
33,63,302
34,0,306
34,1,306
34,2,307
34,3,305
34,4,313
34,5,312
34,6,313
34,7,312
34,8,314
34,9,313
34,10,314
34,11,312
34,12,320
34,13,319
34,14,321
34,15,320
34,16,323
34,17,322
34,18,323
34,19,322
34,20,329
34,21,328
34,22,330
34,23,328
34,24,323
34,25,322
34,26,323
34,27,322
34,28,329
34,29,328
34,30,330
34,31,328
34,32,112
34,33,112
34,34,-1
34,35,112
34,36,118
34,37,118
34,38,120
34,39,118
34,40,287
34,41,286
34,42,288
34,43,286
34,44,292
34,45,290
34,46,292
34,47,292
34,48,295
34,49,294
34,50,295
34,51,293
34,52,302
34,53,300
34,54,302
34,55,301
34,56,296
34,57,295
34,58,297
34,59,295
34,60,301
34,61,299
34,62,301
34,63,301
35,0,308
35,1,311
35,2,314
35,3,313
35,4,321
35,5,319
35,6,321
35,7,320
35,8,315
35,9,312
35,10,310
35,11,308
35,12,316
35,13,314
35,14,316
35,15,320
35,16,325
35,17,324
35,18,325
35,19,323
35,20,331
35,21,329
35,22,331
35,23,330
35,24,324
35,25,323
35,26,325
35,27,323
35,28,331
35,29,329
35,30,331
35,31,330
35,32,113
35,33,113
35,34,113
35,35,-1
35,36,119
35,37,119
35,38,118
35,39,118
35,40,289
35,41,288
35,42,289
35,43,288
35,44,294
35,45,292
35,46,294
35,47,293
35,48,297
35,49,296
35,50,297
35,51,295
35,52,303
35,53,302
35,54,304
35,55,303
35,56,298
35,57,297
35,58,298
35,59,297
35,60,303
35,61,301
35,62,303
35,63,302
36,0,313
36,1,314
36,2,319
36,3,317
36,4,325
36,5,324
36,6,325
36,7,325
36,8,319
36,9,313
36,10,314
36,11,314
36,12,321
36,13,319
36,14,320
36,15,323
36,16,329
36,17,328
36,18,329
36,19,327
36,20,336
36,21,334
36,22,336
36,23,335
36,24,329
36,25,328
36,26,329
36,27,327
36,28,336
36,29,334
36,30,336
36,31,335
36,32,118
36,33,118
36,34,118
36,35,117
36,36,-1
36,37,123
36,38,123
36,39,126
36,40,294
36,41,292
36,42,294
36,43,292
36,44,298
36,45,297
36,46,299
36,47,298
36,48,301
36,49,301
36,50,302
36,51,300
36,52,308
36,53,306
36,54,308
36,55,308
36,56,302
36,57,302
36,58,303
36,59,302
36,60,307
36,61,306
36,62,307
36,63,307
37,0,331
37,1,322
37,2,321
37,3,319
37,4,328
37,5,326
37,6,327
37,7,327
37,8,316
37,9,315
37,10,316
37,11,314
37,12,322
37,13,321
37,14,322
37,15,327
37,16,331
37,17,330
37,18,331
37,19,329
37,20,337
37,21,336
37,22,338
37,23,337
37,24,331
37,25,330
37,26,332
37,27,329
37,28,337
37,29,336
37,30,338
37,31,337
37,32,118
37,33,118
37,34,118
37,35,118
37,36,123
37,37,-1
37,38,123
37,39,126
37,40,295
37,41,294
37,42,296
37,43,294
37,44,300
37,45,299
37,46,301
37,47,299
37,48,303
37,49,302
37,50,304
37,51,302
37,52,310
37,53,308
37,54,310
37,55,309
37,56,304
37,57,304
37,58,305
37,59,303
37,60,309
37,61,308
37,62,309
37,63,309
38,0,313
38,1,313
38,2,314
38,3,313
38,4,321
38,5,319
38,6,320
38,7,319
38,8,315
38,9,314
38,10,315
38,11,314
38,12,321
38,13,320
38,14,322
38,15,321
38,16,330
38,17,329
38,18,331
38,19,328
38,20,337
38,21,335
38,22,337
38,23,336
38,24,330
38,25,329
38,26,331
38,27,328
38,28,337
38,29,335
38,30,337
38,31,336
38,32,118
38,33,118
38,34,118
38,35,118
38,36,124
38,37,123
38,38,-1
38,39,123
38,40,294
38,41,294
38,42,295
38,43,292
38,44,299
38,45,297
38,46,299
38,47,299
38,48,303
38,49,302
38,50,303
38,51,301
38,52,309
38,53,308
38,54,309
38,55,308
38,56,304
38,57,303
38,58,304
38,59,302
38,60,309
38,61,307
38,62,309
38,63,308
39,0,314
39,1,314
39,2,315
39,3,313
39,4,321
39,5,319
39,6,321
39,7,325
39,8,322
39,9,316
39,10,316
39,11,314
39,12,322
39,13,321
39,14,322
39,15,325
39,16,331
39,17,330
39,18,332
39,19,330
39,20,338
39,21,336
39,22,337
39,23,337
39,24,331
39,25,330
39,26,332
39,27,330
39,28,338
39,29,336
39,30,338
39,31,337
39,32,118
39,33,118
39,34,118
39,35,118
39,36,123
39,37,123
39,38,123
39,39,-1
39,40,295
39,41,294
39,42,296
39,43,294
39,44,300
39,45,298
39,46,300
39,47,299
39,48,302
39,49,302
39,50,303
39,51,302
39,52,310
39,53,308
39,54,310
39,55,309
39,56,304
39,57,303
39,58,305
39,59,303
39,60,309
39,61,307
39,62,309
39,63,309
40,0,314
40,1,314
40,2,315
40,3,313
40,4,321
40,5,319
40,6,321
40,7,320
40,8,315
40,9,315
40,10,316
40,11,314
40,12,322
40,13,320
40,14,322
40,15,322
40,16,325
40,17,323
40,18,325
40,19,323
40,20,331
40,21,329
40,22,331
40,23,331
40,24,325
40,25,323
40,26,325
40,27,323
40,28,331
40,29,329
40,30,331
40,31,331
40,32,288
40,33,287
40,34,288
40,35,287
40,36,294
40,37,292
40,38,294
40,39,294
40,40,-1
40,41,113
40,42,113
40,43,112
40,44,117
40,45,116
40,46,117
40,47,117
40,48,297
40,49,296
40,50,297
40,51,296
40,52,304
40,53,302
40,54,304
40,55,302
40,56,298
40,57,297
40,58,298
40,59,297
40,60,303
40,61,301
40,62,303
40,63,302
41,0,315
41,1,314
41,2,315
41,3,314
41,4,321
41,5,319
41,6,321
41,7,321
41,8,314
41,9,315
41,10,316
41,11,315
41,12,323
41,13,321
41,14,323
41,15,322
41,16,325
41,17,324
41,18,326
41,19,324
41,20,332
41,21,330
41,22,332
41,23,331
41,24,325
41,25,324
41,26,326
41,27,324
41,28,332
41,29,330
41,30,332
41,31,331
41,32,294
41,33,287
41,34,289
41,35,287
41,36,295
41,37,293
41,38,295
41,39,294
41,40,113
41,41,-1
41,42,113
41,43,112
41,44,117
41,45,116
41,46,116
41,47,117
41,48,297
41,49,296
41,50,298
41,51,296
41,52,304
41,53,302
41,54,304
41,55,304
41,56,299
41,57,298
41,58,299
41,59,297
41,60,304
41,61,302
41,62,304
41,63,303
42,0,314
42,1,313
42,2,314
42,3,312
42,4,321
42,5,319
42,6,320
42,7,320
42,8,315
42,9,314
42,10,315
42,11,314
42,12,322
42,13,320
42,14,321
42,15,321
42,16,318
42,17,317
42,18,318
42,19,317
42,20,325
42,21,323
42,22,325
42,23,324
42,24,324
42,25,323
42,26,324
42,27,323
42,28,331
42,29,329
42,30,331
42,31,330
42,32,328
42,33,293
42,34,288
42,35,286
42,36,294
42,37,292
42,38,294
42,39,293
42,40,112
42,41,112
42,42,-1
42,43,112
42,44,116
42,45,116
42,46,116
42,47,116
42,48,296
42,49,295
42,50,297
42,51,295
42,52,303
42,53,301
42,54,303
42,55,302
42,56,297
42,57,297
42,58,298
42,59,296
42,60,303
42,61,301
42,62,302
42,63,302
43,0,325
43,1,315
43,2,316
43,3,314
43,4,322
43,5,320
43,6,322
43,7,321
43,8,310
43,9,315
43,10,317
43,11,315
43,12,324
43,13,322
43,14,324
43,15,323
43,16,326
43,17,325
43,18,326
43,19,325
43,20,333
43,21,331
43,22,333
43,23,332
43,24,326
43,25,325
43,26,326
43,27,325
43,28,333
43,29,331
43,30,332
43,31,332
43,32,289
43,33,288
43,34,289
43,35,287
43,36,296
43,37,294
43,38,296
43,39,295
43,40,113
43,41,113
43,42,113
43,43,-1
43,44,117
43,45,117
43,46,116
43,47,117
43,48,298
43,49,297
43,50,298
43,51,297
43,52,305
43,53,303
43,54,305
43,55,304
43,56,299
43,57,298
43,58,300
43,59,298
43,60,304
43,61,302
43,62,304
43,63,303
44,0,312
44,1,313
44,2,319
44,3,317
44,4,325
44,5,323
44,6,325
44,7,324
44,8,319
44,9,319
44,10,320
44,11,318
44,12,326
44,13,325
44,14,326
44,15,326
44,16,328
44,17,328
44,18,329
44,19,327
44,20,335
44,21,333
44,22,335
44,23,335
44,24,328
44,25,328
44,26,329
44,27,327
44,28,335
44,29,333
44,30,335
44,31,335
44,32,291
44,33,291
44,34,292
44,35,290
44,36,299
44,37,297
44,38,298
44,39,297
44,40,116
44,41,117
44,42,116
44,43,116
44,44,-1
44,45,120
44,46,121
44,47,120
44,48,300
44,49,300
44,50,301
44,51,300
44,52,307
44,53,306
44,54,307
44,55,307
44,56,302
44,57,301
44,58,303
44,59,301
44,60,307
44,61,305
44,62,307
44,63,307
45,0,314
45,1,313
45,2,314
45,3,312
45,4,320
45,5,319
45,6,320
45,7,320
45,8,315
45,9,320
45,10,321
45,11,320
45,12,328
45,13,325
45,14,321
45,15,321
45,16,324
45,17,323
45,18,324
45,19,323
45,20,331
45,21,329
45,22,331
45,23,330
45,24,330
45,25,329
45,26,331
45,27,329
45,28,337
45,29,335
45,30,337
45,31,336
45,32,293
45,33,293
45,34,294
45,35,292
45,36,299
45,37,298
45,38,300
45,39,299
45,40,117
45,41,117
45,42,117
45,43,118
45,44,121
45,45,-1
45,46,121
45,47,122
45,48,302
45,49,302
45,50,303
45,51,301
45,52,309
45,53,307
45,54,309
45,55,308
45,56,304
45,57,303
45,58,304
45,59,303
45,60,309
45,61,307
45,62,309
45,63,308
46,0,313
46,1,313
46,2,313
46,3,312
46,4,320
46,5,318
46,6,320
46,7,319
46,8,320
46,9,314
46,10,315
46,11,313
46,12,325
46,13,326
46,14,325
46,15,320
46,16,323
46,17,323
46,18,324
46,19,326
46,20,336
46,21,335
46,22,337
46,23,336
46,24,329
46,25,329
46,26,330
46,27,328
46,28,336
46,29,336
46,30,337
46,31,336
46,32,293
46,33,292
46,34,293
46,35,291
46,36,299
46,37,299
46,38,300
46,39,299
46,40,117
46,41,117
46,42,117
46,43,116
46,44,121
46,45,120
46,46,-1
46,47,121
46,48,302
46,49,301
46,50,302
46,51,300
46,52,309
46,53,307
46,54,309
46,55,309
46,56,303
46,57,302
46,58,304
46,59,302
46,60,308
46,61,306
46,62,308
46,63,307
47,0,314
47,1,313
47,2,315
47,3,312
47,4,321
47,5,319
47,6,320
47,7,320
47,8,315
47,9,314
47,10,316
47,11,314
47,12,321
47,13,320
47,14,322
47,15,321
47,16,330
47,17,329
47,18,331
47,19,329
47,20,337
47,21,335
47,22,336
47,23,336
47,24,330
47,25,330
47,26,331
47,27,329
47,28,337
47,29,335
47,30,336
47,31,336
47,32,293
47,33,293
47,34,294
47,35,292
47,36,300
47,37,299
47,38,299
47,39,299
47,40,117
47,41,117
47,42,116
47,43,116
47,44,120
47,45,123
47,46,120
47,47,-1
47,48,303
47,49,302
47,50,303
47,51,301
47,52,309
47,53,308
47,54,309
47,55,309
47,56,304
47,57,303
47,58,304
47,59,302
47,60,309
47,61,307
47,62,309
47,63,308
48,0,316
48,1,315
48,2,316
48,3,314
48,4,323
48,5,321
48,6,323
48,7,327
48,8,317
48,9,321
48,10,324
48,11,316
48,12,329
48,13,327
48,14,324
48,15,323
48,16,314
48,17,314
48,18,315
48,19,313
48,20,321
48,21,319
48,22,321
48,23,320
48,24,314
48,25,314
48,26,315
48,27,313
48,28,321
48,29,319
48,30,321
48,31,320
48,32,296
48,33,295
48,34,296
48,35,294
48,36,302
48,37,301
48,38,302
48,39,302
48,40,297
48,41,296
48,42,297
48,43,296
48,44,301
48,45,300
48,46,302
48,47,301
48,48,-1
48,49,113
48,50,113
48,51,112
48,52,118
48,53,118
48,54,118
48,55,118
48,56,288
48,57,287
48,58,288
48,59,286
48,60,292
48,61,290
48,62,292
48,63,292
49,0,316
49,1,316
49,2,317
49,3,315
49,4,330
49,5,328
49,6,329
49,7,329
49,8,324
49,9,323
49,10,324
49,11,317
49,12,324
49,13,323
49,14,325
49,15,323
49,16,315
49,17,314
49,18,315
49,19,314
49,20,321
49,21,319
49,22,321
49,23,321
49,24,315
49,25,314
49,26,315
49,27,313
49,28,321
49,29,320
49,30,322
49,31,321
49,32,296
49,33,296
49,34,297
49,35,295
49,36,303
49,37,301
49,38,302
49,39,302
49,40,297
49,41,296
49,42,298
49,43,296
49,44,302
49,45,300
49,46,302
49,47,302
49,48,113
49,49,-1
49,50,113
49,51,112
49,52,118
49,53,118
49,54,118
49,55,118
49,56,288
49,57,287
49,58,289
49,59,287
49,60,293
49,61,291
49,62,293
49,63,293
50,0,315
50,1,315
50,2,316
50,3,317
50,4,328
50,5,327
50,6,328
50,7,328
50,8,323
50,9,322
50,10,323
50,11,321
50,12,330
50,13,328
50,14,330
50,15,324
50,16,315
50,17,313
50,18,314
50,19,312
50,20,321
50,21,319
50,22,321
50,23,320
50,24,314
50,25,313
50,26,314
50,27,312
50,28,321
50,29,319
50,30,320
50,31,320
50,32,295
50,33,294
50,34,295
50,35,294
50,36,302
50,37,300
50,38,302
50,39,301
50,40,296
50,41,295
50,42,297
50,43,295
50,44,301
50,45,299
50,46,301
50,47,301
50,48,112
50,49,112
50,50,-1
50,51,112
50,52,118
50,53,118
50,54,118
50,55,118
50,56,287
50,57,286
50,58,288
50,59,286
50,60,292
50,61,290
50,62,292
50,63,292
51,0,317
51,1,316
51,2,320
51,3,322
51,4,330
51,5,328
51,6,330
51,7,329
51,8,318
51,9,318
51,10,319
51,11,317
51,12,325
51,13,323
51,14,325
51,15,330
51,16,315
51,17,314
51,18,312
51,19,308
51,20,316
51,21,314
51,22,316
51,23,315
51,24,315
51,25,314
51,26,316
51,27,314
51,28,322
51,29,320
51,30,322
51,31,322
51,32,301
51,33,296
51,34,297
51,35,295
51,36,303
51,37,302
51,38,303
51,39,303
51,40,298
51,41,297
51,42,298
51,43,297
51,44,303
51,45,301
51,46,303
51,47,302
51,48,113
51,49,113
51,50,113
51,51,-1
51,52,118
51,53,118
51,54,118
51,55,118
51,56,289
51,57,288
51,58,289
51,59,288
51,60,294
51,61,292
51,62,294
51,63,293
52,0,322
52,1,321
52,2,326
52,3,326
52,4,334
52,5,333
52,6,334
52,7,334
52,8,323
52,9,322
52,10,323
52,11,323
52,12,336
52,13,334
52,14,336
52,15,335
52,16,320
52,17,319
52,18,320
52,19,318
52,20,327
52,21,325
52,22,327
52,23,326
52,24,320
52,25,319
52,26,320
52,27,318
52,28,327
52,29,325
52,30,327
52,31,326
52,32,301
52,33,301
52,34,302
52,35,300
52,36,308
52,37,306
52,38,308
52,39,308
52,40,302
52,41,302
52,42,303
52,43,302
52,44,307
52,45,306
52,46,307
52,47,307
52,48,118
52,49,118
52,50,118
52,51,117
52,52,-1
52,53,123
52,54,123
52,55,126
52,56,294
52,57,292
52,58,294
52,59,292
52,60,298
52,61,297
52,62,299
52,63,298
53,0,323
53,1,323
53,2,324
53,3,323
53,4,330
53,5,329
53,6,330
53,7,329
53,8,325
53,9,330
53,10,331
53,11,328
53,12,332
53,13,330
53,14,331
53,15,337
53,16,322
53,17,321
53,18,322
53,19,320
53,20,328
53,21,327
53,22,328
53,23,328
53,24,322
53,25,321
53,26,322
53,27,320
53,28,328
53,29,327
53,30,328
53,31,328
53,32,308
53,33,302
53,34,304
53,35,302
53,36,310
53,37,308
53,38,310
53,39,309
53,40,304
53,41,304
53,42,304
53,43,303
53,44,309
53,45,307
53,46,309
53,47,309
53,48,118
53,49,118
53,50,118
53,51,118
53,52,123
53,53,-1
53,54,123
53,55,126
53,56,295
53,57,294
53,58,296
53,59,294
53,60,300
53,61,299
53,62,301
53,63,299
54,0,323
54,1,321
54,2,323
54,3,321
54,4,330
54,5,328
54,6,329
54,7,328
54,8,323
54,9,323
54,10,325
54,11,323
54,12,331
54,13,329
54,14,331
54,15,332
54,16,321
54,17,320
54,18,322
54,19,320
54,20,328
54,21,326
54,22,328
54,23,327
54,24,321
54,25,320
54,26,321
54,27,320
54,28,328
54,29,326
54,30,328
54,31,327
54,32,332
54,33,306
54,34,303
54,35,301
54,36,309
54,37,308
54,38,309
54,39,308
54,40,304
54,41,303
54,42,304
54,43,302
54,44,309
54,45,307
54,46,309
54,47,308
54,48,118
54,49,118
54,50,118
54,51,118
54,52,124
54,53,123
54,54,-1
54,55,123
54,56,294
54,57,294
54,58,295
54,59,292
54,60,299
54,61,297
54,62,299
54,63,299
55,0,330
55,1,329
55,2,330
55,3,328
55,4,336
55,5,335
55,6,336
55,7,336
55,8,326
55,9,330
55,10,331
55,11,330
55,12,338
55,13,333
55,14,331
55,15,331
55,16,322
55,17,321
55,18,322
55,19,320
55,20,328
55,21,327
55,22,328
55,23,328
55,24,322
55,25,321
55,26,322
55,27,320
55,28,328
55,29,327
55,30,328
55,31,328
55,32,303
55,33,302
55,34,303
55,35,302
55,36,310
55,37,308
55,38,310
55,39,309
55,40,304
55,41,303
55,42,305
55,43,303
55,44,309
55,45,307
55,46,309
55,47,309
55,48,118
55,49,118
55,50,118
55,51,118
55,52,123
55,53,123
55,54,123
55,55,-1
55,56,295
55,57,294
55,58,296
55,59,294
55,60,300
55,61,298
55,62,300
55,63,299
56,0,317
56,1,321
56,2,324
56,3,322
56,4,330
56,5,328
56,6,330
56,7,329
56,8,318
56,9,317
56,10,319
56,11,317
56,12,325
56,13,325
56,14,331
56,15,331
56,16,315
56,17,315
56,18,310
56,19,308
56,20,316
56,21,314
56,22,316
56,23,315
56,24,315
56,25,315
56,26,316
56,27,314
56,28,322
56,29,320
56,30,322
56,31,322
56,32,297
56,33,296
56,34,297
56,35,295
56,36,304
56,37,302
56,38,304
56,39,302
56,40,298
56,41,297
56,42,298
56,43,297
56,44,303
56,45,301
56,46,303
56,47,302
56,48,288
56,49,287
56,50,288
56,51,287
56,52,294
56,53,292
56,54,294
56,55,294
56,56,-1
56,57,113
56,58,113
56,59,112
56,60,117
56,61,116
56,62,117
56,63,117
57,0,324
57,1,323
57,2,324
57,3,323
57,4,331
57,5,328
57,6,331
57,7,331
57,8,325
57,9,324
57,10,326
57,11,322
57,12,328
57,13,330
57,14,332
57,15,331
57,16,310
57,17,309
57,18,310
57,19,309
57,20,317
57,21,315
57,22,316
57,23,316
57,24,316
57,25,315
57,26,316
57,27,315
57,28,323
57,29,321
57,30,323
57,31,322
57,32,297
57,33,296
57,34,298
57,35,296
57,36,304
57,37,302
57,38,304
57,39,304
57,40,299
57,41,298
57,42,299
57,43,297
57,44,304
57,45,302
57,46,304
57,47,303
57,48,290
57,49,287
57,50,289
57,51,287
57,52,295
57,53,293
57,54,295
57,55,294
57,56,113
57,57,-1
57,58,113
57,59,112
57,60,117
57,61,116
57,62,116
57,63,117
58,0,323
58,1,322
58,2,323
58,3,321
58,4,330
58,5,328
58,6,330
58,7,329
58,8,324
58,9,323
58,10,324
58,11,323
58,12,326
58,13,323
58,14,330
58,15,330
58,16,326
58,17,316
58,18,315
58,19,314
58,20,322
58,21,320
58,22,321
58,23,321
58,24,315
58,25,314
58,26,315
58,27,314
58,28,322
58,29,320
58,30,321
58,31,321
58,32,296
58,33,295
58,34,297
58,35,295
58,36,302
58,37,301
58,38,303
58,39,302
58,40,298
58,41,297
58,42,298
58,43,296
58,44,302
58,45,301
58,46,302
58,47,302
58,48,287
58,49,286
58,50,288
58,51,286
58,52,294
58,53,292
58,54,294
58,55,293
58,56,112
58,57,112
58,58,-1
58,59,112
58,60,117
58,61,116
58,62,117
58,63,116
59,0,325
59,1,324
59,2,325
59,3,323
59,4,331
59,5,330
59,6,331
59,7,331
59,8,319
59,9,319
59,10,326
59,11,325
59,12,333
59,13,326
59,14,326
59,15,330
59,16,316
59,17,316
59,18,317
59,19,315
59,20,324
59,21,322
59,22,324
59,23,323
59,24,316
59,25,316
59,26,317
59,27,315
59,28,323
59,29,322
59,30,324
59,31,323
59,32,298
59,33,297
59,34,298
59,35,297
59,36,304
59,37,303
59,38,305
59,39,304
59,40,299
59,41,298
59,42,300
59,43,298
59,44,304
59,45,303
59,46,304
59,47,303
59,48,290
59,49,288
59,50,289
59,51,287
59,52,296
59,53,294
59,54,296
59,55,295
59,56,113
59,57,113
59,58,113
59,59,-1
59,60,117
59,61,118
59,62,116
59,63,117
60,0,321
60,1,324
60,2,328
60,3,326
60,4,334
60,5,332
60,6,334
60,7,333
60,8,322
60,9,321
60,10,323
60,11,321
60,12,329
60,13,328
60,14,330
60,15,328
60,16,319
60,17,319
60,18,320
60,19,318
60,20,326
60,21,325
60,22,326
60,23,326
60,24,319
60,25,319
60,26,320
60,27,318
60,28,326
60,29,325
60,30,326
60,31,326
60,32,305
60,33,300
60,34,301
60,35,300
60,36,307
60,37,306
60,38,307
60,39,307
60,40,302
60,41,301
60,42,303
60,43,301
60,44,307
60,45,305
60,46,307
60,47,307
60,48,291
60,49,291
60,50,292
60,51,290
60,52,299
60,53,297
60,54,298
60,55,297
60,56,116
60,57,116
60,58,116
60,59,116
60,60,-1
60,61,120
60,62,121
60,63,120
61,0,323
61,1,325
61,2,330
61,3,328
61,4,336
61,5,334
61,6,336
61,7,335
61,8,330
61,9,329
61,10,331
61,11,329
61,12,337
61,13,335
61,14,337
61,15,336
61,16,321
61,17,320
61,18,321
61,19,320
61,20,328
61,21,326
61,22,328
61,23,328
61,24,321
61,25,320
61,26,321
61,27,320
61,28,328
61,29,326
61,30,328
61,31,327
61,32,307
61,33,302
61,34,303
61,35,301
61,36,309
61,37,307
61,38,309
61,39,309
61,40,304
61,41,303
61,42,304
61,43,303
61,44,309
61,45,307
61,46,309
61,47,308
61,48,293
61,49,293
61,50,294
61,51,292
61,52,299
61,53,298
61,54,300
61,55,299
61,56,117
61,57,117
61,58,117
61,59,118
61,60,121
61,61,-1
61,62,121
61,63,121
62,0,322
62,1,322
62,2,323
62,3,324
62,4,336
62,5,333
62,6,335
62,7,334
62,8,329
62,9,329
62,10,327
62,11,322
62,12,332
62,13,336
62,14,337
62,15,330
62,16,320
62,17,320
62,18,321
62,19,319
62,20,327
62,21,326
62,22,328
62,23,326
62,24,320
62,25,320
62,26,321
62,27,319
62,28,327
62,29,326
62,30,328
62,31,326
62,32,302
62,33,301
62,34,302
62,35,300
62,36,309
62,37,307
62,38,309
62,39,309
62,40,303
62,41,302
62,42,304
62,43,302
62,44,308
62,45,306
62,46,308
62,47,307
62,48,293
62,49,292
62,50,293
62,51,291
62,52,299
62,53,299
62,54,300
62,55,299
62,56,117
62,57,117
62,58,117
62,59,116
62,60,121
62,61,120
62,62,-1
62,63,121
63,0,323
63,1,322
63,2,323
63,3,327
63,4,336
63,5,334
63,6,336
63,7,335
63,8,330
63,9,323
63,10,327
63,11,324
63,12,331
63,13,332
63,14,336
63,15,336
63,16,321
63,17,320
63,18,322
63,19,320
63,20,328
63,21,326
63,22,328
63,23,327
63,24,321
63,25,320
63,26,322
63,27,320
63,28,328
63,29,326
63,30,328
63,31,327
63,32,307
63,33,302
63,34,303
63,35,301
63,36,309
63,37,308
63,38,309
63,39,309
63,40,304
63,41,303
63,42,304
63,43,303
63,44,303
63,45,301
63,46,303
63,47,302
63,48,298
63,49,294
63,50,294
63,51,292
63,52,300
63,53,299
63,54,299
63,55,299
63,56,116
63,57,117
63,58,116
63,59,116
63,60,120
63,61,121
63,62,120
63,63,-1
