num_cpus,copy_gigabytespersec,scale_gigabytespersec,add_gigabytespersec,triad_gigabytespersec
1,33.422959,22.337337,24.664932,24.776777
2,39.386811,26.561278,29.205091,29.729536
4,41.416274,26.758882,29.314441,29.146946
8,40.556888,25.721421,28.391370,28.153069
16,40.823783,27.288486,30.261765,30.174707
24,60.542790,40.988650,45.325544,45.261720
32,80.278574,55.012730,60.162363,60.256946
40,101.888195,69.059664,75.179368,75.527888
48,82.596129,81.110804,89.985499,90.701461
56,96.370091,94.444661,105.815864,106.624918
64,109.807388,108.082431,122.877619,122.946327
